,train,test,split
rmse,0.7065597256131172,0.8765935605448183,0.75_0.25
accuracy,0.8456881728028643,0.7685910915694896,0.75_0.25
coverage_2,0.9755419391380464,0.6926193412013387,0.75_0.25
rmse,0.6496506410466616,0.9152217205233172,0.5_0.5
accuracy,0.859146775326931,0.7517637068827026,0.5_0.5
coverage_2,0.9453625984046713,0.9035690534249612,0.5_0.5
rmse,0.540237846746631,1.009127860325635,0.25_0.75
accuracy,0.8727697464197447,0.7052635459807548,0.25_0.75
coverage_2,0.8451926225035469,0.923879645196823,0.25_0.75
