,train,test,split
rmse,0.7065597256131172,0.8765935605448183,0.75_0.25
accuracy,0.752025769674699,0.6589944561269355,0.75_0.25
coverage_2,0.915053091817614,0.591130162393867,0.75_0.25
rmse,0.6496506410466616,0.9152217205233172,0.5_0.5
accuracy,0.7839404961307459,0.6439308746241938,0.5_0.5
coverage_2,0.8768357044515833,0.7922912205567452,0.5_0.5
rmse,0.540237846746631,1.009127860325635,0.25_0.75
accuracy,0.8298828587872837,0.6061526833884308,0.25_0.75
coverage_2,0.7408687362211762,0.8341179107823358,0.25_0.75
