,train,test,split
rmse,0.7086628639813434,0.8681328116622303,0.75_0.25
accuracy,0.7467967796436925,0.6704375475838595,0.75_0.25
coverage_2,0.9062124248496994,0.6583627042614547,0.75_0.25
rmse,0.6586689631899619,0.9109445528552597,0.5_0.5
accuracy,0.766556522758316,0.6494480758213452,0.5_0.5
coverage_2,0.8444694991692381,0.8005714285714286,0.5_0.5
rmse,0.5502255930955133,1.0109434355486728,0.25_0.75
accuracy,0.8057113902059431,0.6095091050852263,0.25_0.75
coverage_2,0.690452395229529,0.8500676805478143,0.25_0.75
