,train,test,split
rmse,0.8715764870791927,0.9137532166261704,0.75_0.25
accuracy,0.859188396579747,0.8314567004396864,0.75_0.25
coverage_2,0.9911620625220948,0.7160971986417657,0.75_0.25
rmse,0.8587805751749491,0.9224552148217545,0.5_0.5
accuracy,0.8651572671707819,0.8324466986436555,0.5_0.5
coverage_2,0.9798319327731092,0.9624916960498748,0.5_0.5
rmse,0.8329989124107998,0.9376557058180872,0.25_0.75
accuracy,0.8745217862342147,0.8290914453552248,0.25_0.75
coverage_2,0.9111971131216987,0.9817604262731837,0.25_0.75
