,train,test,split
rmse,0.8526115366178363,0.8549214881314745,0.75_0.25
accuracy,0.72362115718778,0.7227462044874379,0.75_0.25
coverage_2,0.9106222865412446,0.6912401236688424,0.75_0.25
rmse,0.8760754225998012,0.8764762544524849,0.5_0.5
accuracy,0.717356906834482,0.7141181618466341,0.5_0.5
coverage_2,0.8659308960933091,0.8403693931398417,0.5_0.5
rmse,0.9198906775475824,0.9358649352845012,0.25_0.75
accuracy,0.7077255781968221,0.6971145400922681,0.25_0.75
coverage_2,0.7367674505412467,0.8981175895367315,0.25_0.75
