,train,test,split
rmse,0.8476136292480465,0.8684041323757341,0.75_0.25
accuracy,0.7279138105669799,0.7117377174536418,0.75_0.25
coverage_2,0.91955601327383,0.6224932809592723,0.75_0.25
rmse,0.8675962999737992,0.8955196654836405,0.5_0.5
accuracy,0.728471611474736,0.7023936841622106,0.5_0.5
coverage_2,0.8831373499818159,0.8406639501438159,0.5_0.5
rmse,0.9427248431030961,0.9600926391660727,0.25_0.75
accuracy,0.7152639062870298,0.6838861510857677,0.25_0.75
coverage_2,0.8175670965493204,0.8818409375355558,0.25_0.75
