,train,test,split
rmse,0.821107584935976,0.8945796516963485,0.75_0.25
accuracy,0.8429822391821544,0.8037468935194035,0.75_0.25
coverage_2,0.9835913312693498,0.7086895780944398,0.75_0.25
rmse,0.8084534056166799,0.9216391456603658,0.5_0.5
accuracy,0.851054708734217,0.7978013907695133,0.5_0.5
coverage_2,0.9695460740119509,0.9457093760068735,0.5_0.5
rmse,0.7845994616618576,0.9808862992697065,0.25_0.75
accuracy,0.8619274130751261,0.779767976306055,0.25_0.75
coverage_2,0.9101763610472122,0.9679360910483694,0.25_0.75
