,train,test,split
rmse,0.8229807157570601,0.8824719308553625,0.75_0.25
accuracy,0.7378259588616918,0.7059160732679475,0.75_0.25
coverage_2,0.9319068379990821,0.7072191554950176,0.75_0.25
rmse,0.8125616093232731,0.9035057832409599,0.5_0.5
accuracy,0.7448192542971902,0.6951538034725887,0.5_0.5
coverage_2,0.8808907613602167,0.8619219839834668,0.5_0.5
rmse,0.7890955873764199,0.9613552761764218,0.25_0.75
accuracy,0.7613015310000362,0.6745344218139906,0.25_0.75
coverage_2,0.7343835242771413,0.9200910093767236,0.25_0.75
