,recall,recommend time
item_based,0.9177516492379948,64.7140040397644
als,0.8423580168854837,11.985038042068481
